{
    "values": {
        "extents": [
            635577.79,
            639003.73,
            848882.15,
            853537.66,
            406.14,
            615.26
        ],
        "data": {
            "Xmin": [
                635680.54,
                636922.99,
                637246.42,
                635616.4400000001,
                637402.02,
                637607.3400000001,
                638337.88,
                637514.7000000001,
                637405.76,
                637406.13,
                637406.26,
                637405.86,
                637414.93,
                638082.3200000001,
                637416.23,
                638494.64,
                638491.23,
                637932.3400000001,
                637726.67,
                637412.8500000001,
                637413.42,
                637728.99,
                636604.26,
                635655.24,
                635793.2000000001,
                635768.26,
                635671.25,
                635703.27,
                635655.5,
                635671.29,
                635689.5700000001,
                635702.4500000001,
                635687.98,
                635688.1900000001,
                635963.2100000001,
                636294.9,
                636217.64,
                636536.24,
                636605.68,
                637363.1900000001,
                637370.13,
                637374.73,
                637374.6000000001,
                637999.4700000001,
                637383.52,
                637383.6900000001,
                638380.01,
                638178.05,
                637867.02,
                637374.5700000001,
                637373.8400000001,
                637769.51,
                635624.4,
                635625.5800000001,
                635879.56,
                635624.5,
                636302.5800000001,
                635631.3200000001,
                635702.43,
                635649.31,
                635588.7000000001,
                635577.79,
                635577.88,
                635591.4400000001,
                635607.6000000001,
                635755.9,
                635750.92,
                635607.81,
                635607.14,
                635615.5700000001,
                636405.9,
                636251.5700000001,
                636030.5700000001,
                635590.38,
                635582.8300000001,
                635607.63,
                636573.7100000001,
                635607.27,
                636827.2200000001,
                635607.24,
                635615.42,
                637197.1000000001,
                637392.61,
                635638.77,
                635638.81,
                635750.15,
                635653.63,
                635700.51,
                635690.25,
                635691.0700000001,
                636298.7100000001,
                638444.77,
                636300.61,
                636540.06,
                636066.1000000001,
                635583.0900000001,
                635610.65,
                635610.39,
                635745.0700000001,
                635697.9600000001,
                635736.11,
                635646.38,
                635593.49,
                635594.5800000001,
                635592.64,
                635603.24,
                635626.14
            ],
            "Xmax": [
                638997.76,
                637839.4400000001,
                637840.11,
                638994.12,
                638586.51,
                638885.13,
                638885.49,
                638864.7200000001,
                638366.31,
                638365.2100000001,
                638232.63,
                638373.4500000001,
                638938.77,
                638943.67,
                638943.4400000001,
                638929.2200000001,
                638910.7000000001,
                638910.39,
                638504.0700000001,
                638507.77,
                638490.4500000001,
                638508.0900000001,
                638434.0800000001,
                637088.3200000001,
                637153.6000000001,
                637285.8200000001,
                637378.01,
                637305.24,
                637384.3400000001,
                636997.76,
                637384.11,
                637334.9400000001,
                636311.81,
                636303.89,
                636777.65,
                636775.9700000001,
                637384.3200000001,
                637379.48,
                638919.3500000001,
                638736.1900000001,
                638710.36,
                638891.36,
                638980.54,
                638995.8,
                639003.5,
                638999.6000000001,
                638998.61,
                638997.0700000001,
                638488.1900000001,
                638984.6000000001,
                638985.26,
                638507.27,
                638493.4400000001,
                636584.42,
                637239.36,
                637415.77,
                637146.38,
                637203.14,
                637055.86,
                637416,
                637416.49,
                637170.23,
                637402.25,
                637405.37,
                637212.04,
                637410.75,
                637413.51,
                636949.1000000001,
                637407.01,
                637212.5700000001,
                637248.6900000001,
                637410.88,
                638931.79,
                638896.56,
                638779.88,
                638779.0700000001,
                637195.8200000001,
                636837.9500000001,
                638866.0700000001,
                638866.23,
                638862.36,
                638343.67,
                638905.3400000001,
                638484.77,
                638915.81,
                638936.01,
                639003.73,
                637786.2100000001,
                636304.0700000001,
                638040.77,
                638951.37,
                638969.51,
                638976.9400000001,
                638997.5900000001,
                639002.43,
                638879.48,
                638267.81,
                638955.63,
                639003.5,
                638983.75,
                638995.76,
                637932.01,
                638884.9600000001,
                638061.9400000001,
                638061.9,
                638888.5700000001,
                639002.3200000001
            ],